timestamp,angry,disgust,fear,happy,sad,surprise,neutral,dominant
2026-05-09 23:30:16.347868,81.55338287353516,0.0018641770584508777,0.06494010239839554,2.149197578430176,3.1513421535491943,2.9778249263763428,10.101458549499512,angry
2026-05-09 23:30:16.361830,81.55338287353516,0.0018641770584508777,0.06494010239839554,2.149197578430176,3.1513421535491943,2.9778249263763428,10.101458549499512,angry
2026-05-09 23:30:16.398732,81.55338287353516,0.0018641770584508777,0.06494010239839554,2.149197578430176,3.1513421535491943,2.9778249263763428,10.101458549499512,angry
2026-05-09 23:30:16.561835,81.55338287353516,0.0018641770584508777,0.06494010239839554,2.149197578430176,3.1513421535491943,2.9778249263763428,10.101458549499512,angry
2026-05-09 23:30:22.912069,81.55338287353516,0.0018641770584508777,0.06494010239839554,2.149197578430176,3.1513421535491943,2.9778249263763428,10.101458549499512,angry
2026-05-09 23:30:24.942980,13.882122039794922,0.018274396657943726,9.892253875732422,0.0023574507795274258,69.75724029541016,0.0023257783614099026,6.445437908172607,sad
2026-05-09 23:30:26.739787,0.7717897295951843,0.00165097217541188,57.38056564331055,0.0002154914109269157,37.03230667114258,5.158400381333195e-05,4.813408851623535,fear
2026-05-09 23:30:28.802766,0.13654212653636932,5.4654155974276364e-05,12.076956748962402,0.000837725936435163,86.98490905761719,6.471762026194483e-05,0.8006331324577332,sad
2026-05-09 23:30:31.152523,2.243342161178589,2.242808704977506e-06,0.023704465478658676,95.98849487304688,0.5997177958488464,0.001735254074446857,1.1430048942565918,happy
2026-05-09 23:30:33.020797,3.0280833396290063e-11,8.757559862316373e-21,5.778092847935623e-13,99.98660278320312,3.404857977784559e-07,3.052431196692851e-08,0.013401534408330917,happy
2026-05-09 23:30:35.118074,7.933598222820137e-10,4.53575679419929e-18,5.7509470276218e-12,99.37189483642578,9.069578936760081e-07,2.3801385751198723e-08,0.6280996203422546,happy
2026-05-09 23:30:36.857940,1.034375163300183e-08,5.685258460433025e-15,4.81368047644537e-08,98.27222442626953,0.00033007553429342806,1.1180179626535391e-06,1.7274494171142578,happy
2026-05-09 23:30:38.910081,0.7404314279556274,0.0016649375902488828,2.075657367706299,67.31869506835938,2.919130325317383,0.10202593356370926,26.842397689819336,happy
2026-05-09 23:30:40.740689,4.5011091232299805,0.014003558084368706,34.40509796142578,1.0995768308639526,8.093218803405762,0.012503258883953094,51.874488830566406,neutral
2026-05-09 23:30:42.915394,0.6908287405967712,9.168498945655301e-05,54.251991271972656,0.0008464968996122479,43.81328201293945,1.3897853023081552e-05,1.2429465055465698,fear
2026-05-09 23:30:45.283335,0.7921721339225769,3.730423850356601e-05,79.34064483642578,0.2209225296974182,18.73891258239746,0.0033481079153716564,0.9039537906646729,fear
2026-05-09 23:30:46.988988,0.041523974388837814,2.25254480028525e-05,17.79012680053711,1.2209254236950073e-05,82.01360321044922,9.805579566091183e-07,0.1547153890132904,sad
2026-05-09 23:30:48.753329,3.782958745956421,0.051770925521850586,14.669068336486816,0.01584783010184765,37.71306228637695,0.003839584533125162,43.76345443725586,neutral
2026-05-09 23:30:50.703361,0.0476936399936676,2.5148352506221272e-05,4.7885050773620605,0.21871256828308105,9.00461196899414,0.0433674119412899,85.89708709716797,neutral
2026-05-09 23:30:52.851140,3.7266218662261963,0.004743384197354317,19.771894454956055,2.6894149780273438,73.50216674804688,0.0007693860679864883,0.3043918311595917,sad
2026-05-09 23:30:54.851405,48.04586410522461,0.30156198143959045,13.409626007080078,0.20167049765586853,29.855329513549805,0.013377712108194828,8.172568321228027,angry
2026-05-09 23:30:57.032594,7.183784484863281,0.0008383004460483789,22.68401527404785,0.07696574926376343,16.275978088378906,0.0013460352784022689,53.777069091796875,neutral
2026-05-09 23:30:58.888506,0.0009820961859077215,2.8614041474792073e-13,2.5000401365105063e-05,99.99665832519531,0.000969444343354553,3.5793493680102983e-07,0.0013583721593022346,happy
2026-05-09 23:31:00.698669,21.344364166259766,0.009402520954608917,0.2159889042377472,4.440854072570801,30.048879623413086,0.004381030332297087,43.936126708984375,neutral
2026-05-09 23:31:02.654249,0.0026007802225649357,6.978751230235503e-07,1.3244949579238892,3.129961214654031e-07,98.65769958496094,1.1414744705007251e-08,0.01520262286067009,sad
2026-05-09 23:31:04.718253,6.478520663222298e-05,3.054232561305881e-11,1.4262689091992797e-06,99.31036376953125,0.001362536451779306,0.0010976874036714435,0.6871129274368286,happy
2026-05-09 23:31:06.705376,3.478020289549022e-06,2.3185085795685012e-11,9.905611477734055e-07,99.33765411376953,0.003506353357806802,1.4497694792225957e-05,0.6588221788406372,happy
2026-05-09 23:31:08.876379,28.58954429626465,0.005423076916486025,2.4208359718322754,0.041894715279340744,8.270153999328613,0.015112722292542458,60.65703201293945,neutral
2026-05-09 23:31:10.719240,0.004118843004107475,1.9321216768730665e-06,3.9850361347198486,8.795407779871312e-07,95.99842834472656,1.1719489521055948e-06,0.0124090276658535,sad
2026-05-09 23:31:13.171132,9.3116455078125,0.0009363191784359515,20.115629196166992,0.006285937502980232,37.03645706176758,0.010279743932187557,33.51876449584961,sad
2026-05-09 23:31:14.942592,9.213047981262207,0.012454722076654434,35.470577239990234,0.005566861014813185,39.92855453491211,0.0043079606257379055,15.365492820739746,sad
2026-05-09 23:31:17.020590,16.379234313964844,0.08891471475362778,49.626949310302734,0.4805338382720947,12.161585807800293,3.9974067211151123,17.265369415283203,fear
2026-05-09 23:31:18.665976,0.3619781732559204,0.007086869329214096,63.524234771728516,0.3739664554595947,0.6454949378967285,35.0740966796875,0.013141090050339699,fear
2026-05-09 23:31:20.677495,5.330637454986572,0.16855528950691223,76.16778564453125,0.2592581808567047,6.279966831207275,11.338896751403809,0.4549049437046051,fear
2026-05-09 23:31:22.897160,0.19697703421115875,6.004844544804655e-05,20.365388870239258,2.6171785521000857e-06,78.69116973876953,1.8912775203716592e-06,0.746404767036438,sad
2026-05-09 23:31:24.847352,17.240455627441406,0.010812684893608093,7.114987373352051,0.031848806887865067,12.889527320861816,0.015062721446156502,62.69730758666992,neutral
2026-05-09 23:35:31.898902,0.00021354469936341047,3.821466580677946e-12,0.13341811299324036,92.12822723388672,0.8518152236938477,1.255636743735522e-05,6.88631010055542,happy
2026-05-09 23:35:31.901895,0.0004541899252217263,3.1374136142403586e-06,0.0006871608202345669,0.00012500982847996056,99.99853515625,1.0423416990645862e-10,0.000202227893169038,sad
2026-05-09 23:35:32.120919,60.43128204345703,0.015565148554742336,9.259465217590332,1.0778024196624756,24.635265350341797,0.036144059151411057,4.5444793701171875,angry
2026-05-09 23:35:34.016736,0.020014215260744095,4.568854819808621e-06,0.007104413118213415,20.74233055114746,0.27090996503829956,0.0006589405238628387,78.95897674560547,neutral
2026-05-09 23:35:35.990415,0.048284828662872314,1.8802056729327887e-06,0.1392585039138794,93.92082977294922,5.095088958740234,4.45817158833961e-06,0.7965299487113953,happy
2026-05-09 23:35:37.948503,6.927908088982804e-06,9.487502751538723e-16,99.99311828613281,4.3449723818866914e-08,0.005468782037496567,0.001009057043120265,0.0003908069047611207,fear
2026-05-09 23:35:40.050398,2.6278148652636446e-06,1.4182200861145812e-16,99.9916763305664,1.8261638867755892e-09,0.005998844746500254,0.002220845315605402,0.00010162617400055751,fear
2026-05-09 23:35:42.074443,11.219915390014648,7.031571865081787,29.37864112854004,50.81497573852539,0.2726956307888031,1.274885892868042,0.0073159318417310715,happy
2026-05-09 23:35:44.047452,99.88153076171875,4.701403502616053e-11,0.016522027552127838,0.10181450843811035,2.6927824364975095e-05,0.00010381647007307038,1.573894223838579e-06,angry
2026-05-09 23:35:46.058640,1.0817071768459879e-21,1.8460459196992456e-33,5.642024234475684e-07,8.7682071372907e-18,100.0,5.300226260130617e-24,8.182615260921011e-07,sad
2026-05-09 23:35:48.026536,0.908085286617279,3.968766577600036e-06,70.30268096923828,5.94100284576416,0.0005358344060368836,22.786685943603516,0.061006177216768265,fear
2026-05-09 23:35:50.053616,0.09707260876893997,0.0011743820505216718,0.004726990591734648,99.42818450927734,0.0014384520472958684,0.0013110226718708873,0.4660966992378235,happy
2026-05-09 23:35:52.091288,0.03045682981610298,2.305641373823164e-06,1.243770718574524,94.7219467163086,1.4809324741363525,1.522682547569275,1.0002074241638184,happy
2026-05-09 23:35:54.012764,65.88919067382812,1.0733356477915512e-12,21.181495666503906,7.3961501121521,5.416756629943848,0.0018420845735818148,0.11456174403429031,angry
2026-05-09 23:35:56.012362,1.6334718111465918e-06,8.68552885863183e-12,97.39332580566406,0.08482304960489273,2.4910993576049805,0.02448313497006893,0.006267243064939976,fear
2026-05-09 23:35:57.972343,4.950342713527789e-08,3.0950673339351364e-13,0.003548456123098731,3.2181309700396454e-11,99.99612426757812,2.091267783943529e-11,0.00033552414970472455,sad
2026-05-09 23:36:00.143835,0.22467011213302612,6.683063134005351e-07,90.78009033203125,5.346274375915527,3.6236040592193604,0.002940434729680419,0.022415421903133392,fear
2026-05-09 23:36:02.103833,8.7522122882433e-09,1.5855143871532258e-14,0.0006536025903187692,4.8549820413912315e-11,99.99872589111328,4.300331216068511e-15,0.0006238771602511406,sad
2026-05-09 23:36:04.098944,90.82848358154297,1.1769384295270968e-12,1.5694726705551147,2.3045103549957275,5.242516040802002,0.0001471986179240048,0.05486985296010971,angry
2026-05-09 23:36:06.004511,99.42926025390625,2.0120790450439685e-11,0.048457901924848557,0.4679849147796631,0.05390293896198273,1.8586955548016704e-06,0.0004001106135547161,angry
2026-05-09 23:36:08.079170,56.90764236450195,0.15657341480255127,7.5087809562683105,5.431840419769287,9.705242156982422,0.38065212965011597,19.909269332885742,angry
2026-05-09 23:36:10.072026,50.47567367553711,10.724966049194336,37.21107482910156,0.8943106532096863,0.6745302081108093,0.00031334999948740005,0.01913854479789734,angry
2026-05-09 23:36:12.121654,21.931438446044922,3.9637761822808315e-11,0.024278348311781883,74.393310546875,0.00027467188192531466,0.00032019769423641264,3.650383710861206,happy
2026-05-09 23:36:14.079536,0.12498132139444351,9.64077949416886e-12,0.13492076098918915,99.73246002197266,4.551773145067273e-06,0.000617451558355242,0.007015213370323181,happy
2026-05-09 23:36:16.075032,15.620075225830078,0.06565400958061218,0.10134275257587433,76.56675720214844,0.16160228848457336,0.0551779679954052,7.429394245147705,happy
2026-05-09 23:36:18.016411,99.36217498779297,4.1120860189147734e-11,0.08341232687234879,0.5398380756378174,0.014509513042867184,5.145785962668015e-06,6.320247484836727e-05,angry
2026-05-09 23:36:20.038136,1.33406662940979,2.341167964914348e-05,3.682267665863037,0.0699182003736496,43.906593322753906,0.0006271941238082945,51.006507873535156,neutral
2026-05-09 23:36:22.238612,3.8758482933044434,0.01094927079975605,4.6934356689453125,0.34434884786605835,53.51920700073242,0.027946772053837776,37.52825927734375,sad
